model,agent,accuracy,inference_time_sec_total,inference_time_sec_per_item,ram_before_mb,ram_after_mb,ram_delta_mb,n_test
distilgpt2,GPT-2 prompting (CPU),0.275,14.97361240000464,0.0748680620000232,4514.35546875,4516.16015625,1.8046875,200
distilgpt2,GPT-2 LoRA,0.658,3.2600722999777645,0.006520144599955529,1196.34375,1198.05078125,1.70703125,500
